ACC_TRDVAL,ACC_TRDVOL,CMPPREVDD_PRC,FLUC_RT,FLUC_TP_CD,LIST_SHRS,MKTCAP,TDD_CLSPRC,TDD_HGPRC,TDD_LWPRC,TDD_OPNPRC,TRD_DD
"387,466,310","51,558",40,0.53,1,"17,780,753","134,600,300,210","7,570","7,570","7,400","7,500",2024/12/30
"520,930,300","68,487",-150,-1.95,2,"17,780,753","133,889,070,090","7,530","7,830","7,500","7,540",2024/12/27
"412,966,490","53,225",-170,-2.17,2,"17,780,753","136,556,183,040","7,680","7,990","7,630","7,900",2024/12/26
"355,897,120","44,912",-60,-0.76,2,"17,780,753","139,578,911,050","7,850","8,140","7,810","8,010",2024/12/24
"746,010,970","93,662",260,3.40,1,"17,780,753","140,645,756,230","7,910","8,130","7,740","7,740",2024/12/23
"860,217,820","111,421",-300,-3.77,2,"17,780,753","136,022,760,450","7,650","8,180","7,550","7,910",2024/12/20
"550,337,050","69,056",-220,-2.69,2,"17,780,753","141,356,986,350","7,950","8,120","7,850","7,950",2024/12/19
"969,441,420","120,068",-30,-0.37,2,"17,780,753","145,268,752,010","8,170","8,240","7,970","8,200",2024/12/18
"1,200,311,460","148,299",290,3.67,1,"17,780,753","145,802,174,600","8,200","8,220","7,950","8,060",2024/12/17
"808,555,470","101,648",80,1.02,1,"17,780,753","140,645,756,230","7,910","8,040","7,870","8,020",2024/12/16
"716,450,800","91,989",70,0.90,1,"17,780,753","139,223,295,990","7,830","7,860","7,650","7,710",2024/12/13
"1,166,862,470","151,928",260,3.47,1,"17,780,753","137,978,643,280","7,760","7,800","7,500","7,500",2024/12/12
"1,138,029,140","153,782",450,6.38,1,"17,780,753","133,355,647,500","7,500","7,570","6,920","6,920",2024/12/11
"996,858,890","144,810",540,8.29,1,"17,780,753","125,354,308,650","7,050","7,050","6,520","6,520",2024/12/10
"1,334,048,100","201,853",-520,-7.40,2,"17,780,753","115,752,702,030","6,510","6,940","6,500","6,720",2024/12/09
"1,724,987,020","247,322",-360,-4.87,2,"17,780,753","124,998,693,590","7,030","7,390","6,690","7,310",2024/12/06
"941,154,230","127,497",0,0.00,3,"17,780,753","131,399,764,670","7,390","7,550","7,260","7,540",2024/12/05
"931,455,810","124,967",-360,-4.65,2,"17,780,753","131,399,764,670","7,390","7,710","7,320","7,510",2024/12/04
"753,445,400","97,580",110,1.44,1,"17,780,753","137,800,835,750","7,750","7,840","7,550","7,550",2024/12/03
"989,953,250","128,184",-150,-1.93,2,"17,780,753","135,844,952,920","7,640","7,990","7,600","7,840",2024/12/02
"778,617,810","99,552",-290,-3.59,2,"17,780,753","138,512,065,870","7,790","8,130","7,720","8,090",2024/11/29
"496,434,610","61,345",-90,-1.10,2,"17,780,753","143,668,484,240","8,080","8,200","8,030","8,190",2024/11/28
"797,742,230","96,828",-300,-3.54,2,"17,780,753","145,268,752,010","8,170","8,480","8,140","8,450",2024/11/27
"620,548,580","73,229",-10,-0.12,2,"17,780,753","150,602,977,910","8,470","8,560","8,360","8,480",2024/11/26
"699,613,840","83,132",290,3.54,1,"17,780,753","150,780,785,440","8,480","8,510","8,240","8,240",2024/11/25
"707,397,240","85,416",120,1.49,1,"17,780,753","145,624,367,070","8,190","8,400","8,110","8,140",2024/11/22
"715,199,020","88,261",-30,-0.37,2,"17,780,753","143,490,676,710","8,070","8,240","8,020","8,020",2024/11/21
"447,403,530","54,837",-10,-0.12,2,"17,780,753","144,024,099,300","8,100","8,280","8,060","8,150",2024/11/20
"726,744,240","88,642",-240,-2.87,2,"17,780,753","144,201,906,830","8,110","8,380","8,060","8,280",2024/11/19
"706,330,560","84,394",30,0.36,1,"17,780,753","148,469,287,550","8,350","8,560","8,150","8,320",2024/11/18
"1,334,655,430","162,848",250,3.10,1,"17,780,753","147,935,864,960","8,320","8,400","7,950","7,950",2024/11/15
"1,027,421,860","124,317",-290,-3.47,2,"17,780,753","143,490,676,710","8,070","8,530","8,060","8,360",2024/11/14
"1,444,614,280","170,357",-240,-2.79,2,"17,780,753","148,647,095,080","8,360","8,650","8,310","8,520",2024/11/13
"1,428,320,390","164,868",-360,-4.02,2,"17,780,753","152,914,475,800","8,600","8,990","8,560","8,900",2024/11/12
"1,661,258,530","183,188",-590,-6.18,2,"17,780,753","159,315,546,880","8,960","9,550","8,930","9,460",2024/11/11
"679,793,340","70,067",60,0.63,1,"17,780,753","169,806,191,150","9,550","9,900","9,510","9,600",2024/11/08
"1,211,360,310","126,810",-200,-2.06,2,"17,780,753","168,739,345,970","9,490","9,800","9,440","9,600",2024/11/07
"1,158,692,650","117,005",-230,-2.32,2,"17,780,753","172,295,496,570","9,690","10,190","9,660","9,990",2024/11/06
"1,809,381,490","179,800",150,1.54,1,"17,780,753","176,385,069,760","9,920","10,200","9,700","9,760",2024/11/05
"1,199,567,860","123,413",400,4.27,1,"17,780,753","173,717,956,810","9,770","9,870","9,460","9,480",2024/11/04
"1,034,437,340","108,554",-440,-4.49,2,"17,780,753","166,605,655,610","9,370","9,700","9,370","9,700",2024/11/01
"1,514,317,570","153,560",70,0.72,1,"17,780,753","174,429,186,930","9,810","10,070","9,490","9,670",2024/10/31
"678,125,810","68,766",-120,-1.22,2,"17,780,753","173,184,534,220","9,740","10,100","9,720","9,940",2024/10/30
"1,066,443,850","109,625",-60,-0.60,2,"17,780,753","175,318,224,580","9,860","9,910","9,600","9,830",2024/10/29
"1,131,092,910","115,140",290,3.01,1,"17,780,753","176,385,069,760","9,920","9,950","9,640","9,650",2024/10/28
"1,050,694,970","109,084",-60,-0.62,2,"17,780,753","171,228,651,390","9,630","9,840","9,530","9,730",2024/10/25
"1,304,672,620","133,969",-380,-3.77,2,"17,780,753","172,295,496,570","9,690","9,980","9,680","9,870",2024/10/24
"1,350,985,350","136,062",220,2.23,1,"17,780,753","179,052,182,710","10,070","10,200","9,620","9,850",2024/10/23
"1,253,201,140","126,391",-310,-3.05,2,"17,780,753","175,140,417,050","9,850","10,200","9,800","10,200",2024/10/22
"1,055,552,760","104,477",190,1.91,1,"17,780,753","180,652,450,480","10,160","10,270","9,800","9,890",2024/10/21
"2,426,662,810","238,976",-620,-5.85,2,"17,780,753","177,274,107,410","9,970","10,590","9,960","10,590",2024/10/18
"1,530,359,710","146,406",70,0.67,1,"17,780,753","188,298,174,270","10,590","10,690","10,300","10,620",2024/10/17
"1,599,956,870","151,381",-450,-4.10,2,"17,780,753","187,053,521,560","10,520","10,750","10,500","10,680",2024/10/16
"3,175,071,710","282,825",-10,-0.09,2,"17,780,753","195,054,860,410","10,970","11,690","10,890","11,180",2024/10/15
"1,648,233,660","150,358",150,1.39,1,"17,780,753","195,232,667,940","10,980","11,220","10,780","10,780",2024/10/14
"1,574,989,650","143,213",20,0.19,1,"17,780,753","192,565,554,990","10,830","11,220","10,790","10,900",2024/10/11
"1,584,258,960","143,506",-280,-2.52,2,"17,780,753","192,209,939,930","10,810","11,310","10,810","11,210",2024/10/10
"1,165,217,940","104,343",-270,-2.38,2,"17,780,753","197,188,550,770","11,090","11,480","11,000","11,260",2024/10/08
"1,619,921,430","144,075",320,2.90,1,"17,780,753","201,989,354,080","11,360","11,460","11,000","11,220",2024/10/07
"1,503,175,160","135,418",170,1.56,1,"17,780,753","196,299,513,120","11,040","11,300","10,850","10,870",2024/10/04
"1,492,080,750","137,964",-250,-2.25,2,"17,780,753","193,276,785,110","10,870","11,060","10,660","10,850",2024/10/02
"1,818,284,400","161,664",-500,-4.30,2,"17,780,753","197,721,973,360","11,120","11,490","11,110","11,490",2024/09/30
"3,126,444,250","265,416",20,0.17,1,"17,780,753","206,612,349,860","11,620","12,080","11,550","11,800",2024/09/27
"5,411,329,420","467,459",670,6.13,1,"17,780,753","206,256,734,800","11,600","11,860","11,210","11,310",2024/09/26
"1,624,876,730","146,092",-10,-0.09,2,"17,780,753","194,343,630,290","10,930","11,230","10,900","11,120",2024/09/25
"1,241,298,990","114,847",180,1.67,1,"17,780,753","194,521,437,820","10,940","10,950","10,670","10,760",2024/09/24
"1,287,094,110","119,359",30,0.28,1,"17,780,753","191,320,902,280","10,760","11,020","10,540","10,650",2024/09/23
"1,419,801,360","130,141",100,0.94,1,"17,780,753","190,787,479,690","10,730","11,160","10,710","10,950",2024/09/20
"1,402,848,220","131,995",-370,-3.36,2,"17,780,753","189,009,404,390","10,630","11,000","10,430","10,900",2024/09/19
"1,217,587,240","110,899",-170,-1.52,2,"17,780,753","195,588,283,000","11,000","11,240","10,810","11,230",2024/09/13
"4,645,414,300","412,771",650,6.18,1,"17,780,753","198,611,011,010","11,170","11,680","10,910","10,990",2024/09/12
"1,122,628,590","106,845",-60,-0.57,2,"17,780,753","187,053,521,560","10,520","10,780","10,380","10,590",2024/09/11
"1,208,649,990","112,847",-160,-1.49,2,"17,780,753","188,120,366,740","10,580","10,990","10,500","10,850",2024/09/10
"1,483,441,530","139,937",60,0.56,1,"17,780,753","190,965,287,220","10,740","10,910","10,250","10,260",2024/09/09
"1,828,245,430","169,912",-400,-3.61,2,"17,780,753","189,898,442,040","10,680","11,120","10,550","11,030",2024/09/06
"2,304,155,430","202,960",-430,-3.74,2,"17,780,753","197,010,743,240","11,080","11,730","11,050","11,510",2024/09/05
"2,174,683,620","190,481",-550,-4.56,2,"17,780,753","204,656,467,030","11,510","11,560","11,230","11,230",2024/09/04
"2,000,895,070","163,597",-400,-3.21,2,"17,780,753","214,435,881,180","12,060","12,480","12,060","12,460",2024/09/03
"2,931,606,760","234,920",130,1.05,1,"17,780,753","221,548,182,380","12,460","12,890","12,140","12,410",2024/09/02
"1,491,081,660","121,518",140,1.15,1,"17,780,753","219,236,684,490","12,330","12,390","12,120","12,120",2024/08/30
"2,141,136,080","174,507",-740,-5.72,2,"17,780,753","216,747,379,070","12,190","12,510","12,180","12,450",2024/08/29
"2,730,463,310","216,276",250,1.97,1,"17,780,753","229,905,136,290","12,930","12,940","12,380","12,700",2024/08/28
"1,590,987,700","125,844",-170,-1.32,2,"17,780,753","225,459,948,040","12,680","12,830","12,500","12,710",2024/08/27
"2,477,893,840","189,427",-500,-3.75,2,"17,780,753","228,482,676,050","12,850","13,570","12,850","13,550",2024/08/26
"2,395,592,230","179,981",-260,-1.91,2,"17,780,753","237,373,052,550","13,350","13,430","13,150","13,420",2024/08/23
"2,600,454,070","189,996",-370,-2.65,2,"17,780,753","241,996,048,330","13,610","14,140","13,440","14,140",2024/08/22
"2,800,298,000","202,419",-150,-1.06,2,"17,780,753","248,574,926,940","13,980","14,030","13,710","13,900",2024/08/21
"5,604,523,450","393,557",330,2.39,1,"17,780,753","251,242,039,890","14,130","14,400","14,100","14,320",2024/08/20
"7,763,483,710","554,291",120,0.88,1,"17,780,753","245,374,391,400","13,800","14,400","13,580","14,020",2024/08/19
"5,552,862,160","407,172",520,3.95,1,"17,780,753","243,240,701,040","13,680","13,850","13,380","13,680",2024/08/16
"4,989,380,710","372,622",-160,-1.20,2,"17,780,753","233,994,709,480","13,160","13,770","13,080","13,770",2024/08/14
"6,442,729,160","486,906",10,0.08,1,"17,780,753","236,839,629,960","13,320","13,480","12,900","13,390",2024/08/13
"17,352,896,430","1,324,612","1,580",13.47,1,"17,780,753","236,661,822,430","13,310","13,720","12,290","12,300",2024/08/12
"2,684,817,770","226,375",290,2.53,1,"17,780,753","208,568,232,690","11,730","12,200","11,610","11,900",2024/08/09
"2,021,865,140","176,192",-410,-3.46,2,"17,780,753","203,411,814,320","11,440","11,660","11,250","11,500",2024/08/08
"3,914,217,190","330,922",250,2.16,1,"17,780,753","210,701,923,050","11,850","12,180","11,500","11,500",2024/08/07
"8,370,887,090","738,445","1,120",10.69,1,"17,780,753","206,256,734,800","11,600","11,890","10,560","10,570",2024/08/06
"10,404,164,060","917,938","-2,740",-20.73,2,"17,780,753","186,342,291,440","10,480","12,570","9,900","12,300",2024/08/05
"4,609,821,420","342,853",-900,-6.37,2,"17,780,753","235,061,554,660","13,220","13,720","13,200","13,610",2024/08/02
"5,818,776,960","402,986",-280,-1.94,2,"17,780,753","251,064,232,360","14,120","15,050","14,120","15,050",2024/08/01
"4,710,080,930","335,867",430,3.08,1,"17,780,753","256,042,843,200","14,400","14,490","13,600","13,700",2024/07/31
"4,733,561,990","332,582",-430,-2.99,2,"17,780,753","248,397,119,410","13,970","14,740","13,930","14,260",2024/07/30
"5,354,517,020","372,928",190,1.34,1,"17,780,753","256,042,843,200","14,400","14,580","14,100","14,490",2024/07/29
"8,190,998,750","595,876",620,4.56,1,"17,780,753","252,664,500,130","14,210","14,260","13,160","13,590",2024/07/26
"6,192,560,040","452,335",-810,-5.63,2,"17,780,753","241,640,433,270","13,590","14,280","13,510","13,880",2024/07/25
"5,533,899,080","379,457",-350,-2.37,2,"17,780,753","256,042,843,200","14,400","14,900","14,400","14,510",2024/07/24
"6,124,711,140","407,771",-40,-0.27,2,"17,780,753","262,266,106,750","14,750","15,490","14,720","15,190",2024/07/23
"8,338,336,200","555,134",-970,-6.15,2,"17,780,753","262,977,336,870","14,790","15,640","14,760","15,500",2024/07/22
"5,983,822,120","378,571",-330,-2.05,2,"17,780,753","280,224,667,280","15,760","16,360","15,540","15,900",2024/07/19
"11,179,630,930","711,178",-430,-2.60,2,"17,780,753","286,092,315,770","16,090","16,120","15,190","15,520",2024/07/18
"12,077,114,150","709,572",-760,-4.40,2,"17,780,753","293,738,039,560","16,520","17,640","16,520","17,450",2024/07/17
"12,085,370,440","703,241",-140,-0.80,2,"17,780,753","307,251,411,840","17,280","17,600","16,760","17,330",2024/07/16
"18,517,698,330","1,067,353",430,2.53,1,"17,780,753","309,740,717,260","17,420","17,700","16,930","17,100",2024/07/15
"21,543,190,730","1,297,092",790,4.88,1,"17,780,753","302,094,993,470","16,990","17,260","15,810","15,820",2024/07/12
"17,955,184,590","1,078,261",-30,-0.18,2,"17,780,753","288,048,198,600","16,200","17,110","16,200","16,490",2024/07/11
"22,929,088,760","1,388,488",-880,-5.14,2,"17,780,753","288,581,621,190","16,230","17,160","16,190","16,960",2024/07/10
"38,330,073,490","2,170,710","-1,350",-7.31,2,"17,780,753","304,228,683,830","17,110","18,570","16,830","18,500",2024/07/09
"44,523,311,550","2,426,562",740,4.18,1,"17,780,753","328,232,700,380","18,460","18,770","17,810","18,210",2024/07/08
"29,471,542,310","1,661,383",-580,-3.17,2,"17,780,753","315,074,943,160","17,720","18,110","17,400","18,100",2024/07/05
"60,129,039,290","3,437,831","1,720",10.37,1,"17,780,753","325,387,779,900","18,300","18,300","16,800","17,100",2024/07/04
"15,531,515,040","928,792",-280,-1.66,2,"17,780,753","294,804,884,740","16,580","17,150","16,360","17,050",2024/07/03
"22,301,210,840","1,342,301",100,0.60,1,"17,780,753","299,783,495,580","16,860","16,950","16,160","16,540",2024/07/02
"54,625,736,440","3,267,441",910,5.74,1,"17,780,753","298,005,420,280","16,760","17,210","16,200","16,470",2024/07/01
"66,247,571,300","4,171,249","1,290",8.86,1,"17,780,753","281,824,935,050","15,850","16,500","14,560","14,560",2024/06/28
"5,571,603,860","375,598",-640,-4.21,2,"17,780,753","258,887,763,680","14,560","15,200","14,560","15,150",2024/06/27
"9,781,504,720","647,587",400,2.70,1,"17,780,753","270,267,445,600","15,200","15,300","14,810","14,910",2024/06/26
"7,910,051,920","546,524",440,3.06,1,"17,780,753","263,155,144,400","14,800","14,980","13,820","13,950",2024/06/25
"6,031,738,140","420,097",-550,-3.69,2,"17,780,753","255,331,613,080","14,360","14,800","14,120","14,770",2024/06/24
"17,287,329,590","1,144,631",-10,-0.07,2,"17,780,753","265,111,027,230","14,910","15,400","14,770","14,910",2024/06/21
"24,726,629,910","1,654,765",340,2.33,1,"17,780,753","265,288,834,760","14,920","15,410","14,210","14,530",2024/06/20
"39,801,487,930","2,661,598",970,7.13,1,"17,780,753","259,243,378,740","14,580","15,540","14,360","14,950",2024/06/19
"6,400,727,920","453,172",250,1.87,1,"17,780,753","241,996,048,330","13,610","14,010","13,410","13,450",2024/06/18
"2,571,108,460","190,516",-300,-2.20,2,"17,780,753","237,550,860,080","13,360","13,740","13,350","13,490",2024/06/17
"4,562,860,870","330,550",-510,-3.60,2,"17,780,753","242,885,085,980","13,660","14,260","13,650","14,170",2024/06/14
"4,691,659,050","330,140",100,0.71,1,"17,780,753","251,953,270,010","14,170","14,430","14,070","14,320",2024/06/13
"4,389,293,400","310,994",-90,-0.64,2,"17,780,753","250,175,194,710","14,070","14,400","13,990","14,400",2024/06/12
"4,893,563,910","343,798",-280,-1.94,2,"17,780,753","251,775,462,480","14,160","14,590","14,060","14,530",2024/06/11
"7,630,682,750","522,749",-270,-1.84,2,"17,780,753","256,754,073,320","14,440","14,820","14,360","14,810",2024/06/10
"19,493,237,460","1,328,721",700,5.00,1,"17,780,753","261,554,876,630","14,710","14,940","14,310","14,450",2024/06/07
"95,835,687,950","6,560,747","1,290",10.14,1,"17,780,753","249,108,349,530","14,010","15,640","12,960","12,970",2024/06/05
"2,605,642,150","203,083",-360,-2.75,2,"17,780,753","226,171,178,160","12,720","13,130","12,660","13,070",2024/06/04
"1,885,782,010","144,327",80,0.62,1,"17,780,753","232,572,249,240","13,080","13,180","12,910","12,910",2024/06/03
"2,050,707,100","157,016",-150,-1.14,2,"17,780,753","231,149,789,000","13,000","13,230","12,980","13,220",2024/05/31
"3,030,152,370","227,835",-500,-3.66,2,"17,780,753","233,816,901,950","13,150","13,640","13,150","13,640",2024/05/30
"14,053,863,520","1,017,536",410,3.10,1,"17,780,753","242,707,278,450","13,650","14,260","13,300","13,370",2024/05/29
"3,634,289,130","273,465",110,0.84,1,"17,780,753","235,417,169,720","13,240","13,490","13,140","13,490",2024/05/28
"4,148,432,770","317,993",10,0.08,1,"17,780,753","233,461,286,890","13,130","13,250","12,880","13,120",2024/05/27
"3,147,627,810","238,968",-380,-2.81,2,"17,780,753","233,283,479,360","13,120","13,400","13,070","13,320",2024/05/24
"3,788,728,480","280,111",-130,-0.95,2,"17,780,753","240,040,165,500","13,500","13,810","13,270","13,680",2024/05/23
"3,026,025,390","220,368",-340,-2.43,2,"17,780,753","242,351,663,390","13,630","13,990","13,630","13,980",2024/05/22
"2,986,162,870","214,830",-80,-0.57,2,"17,780,753","248,397,119,410","13,970","14,240","13,740","14,060",2024/05/21
"3,085,488,600","222,404",60,0.43,1,"17,780,753","249,819,579,650","14,050","14,070","13,790","13,990",2024/05/20
"2,799,432,820","198,282",-380,-2.64,2,"17,780,753","248,752,734,470","13,990","14,500","13,990","14,500",2024/05/17
"6,921,763,410","480,481",480,3.46,1,"17,780,753","255,509,420,610","14,370","14,750","14,160","14,260",2024/05/16
"4,329,684,630","311,527",-40,-0.29,2,"17,780,753","246,974,659,170","13,890","14,050","13,780","13,850",2024/05/14
"4,311,772,550","306,107",-310,-2.18,2,"17,780,753","247,685,889,290","13,930","14,700","13,850","14,480",2024/05/13
"6,793,526,780","467,005",-730,-4.88,2,"17,780,753","253,197,922,720","14,240","15,150","14,220","15,090",2024/05/10
"5,275,114,340","346,872",-470,-3.04,2,"17,780,753","266,177,872,410","14,970","15,560","14,940","15,440",2024/05/09
"3,720,307,660","240,038",-120,-0.77,2,"17,780,753","274,534,826,320","15,440","15,780","15,400","15,630",2024/05/08
"4,828,724,740","308,395",150,0.97,1,"17,780,753","276,668,516,680","15,560","15,850","15,520","15,800",2024/05/07
"6,808,277,850","435,150",-70,-0.45,2,"17,780,753","274,001,403,730","15,410","15,960","15,400","15,540",2024/05/03
"3,153,624,460","203,863",-190,-1.21,2,"17,780,753","275,246,056,440","15,480","15,670","15,390","15,600",2024/05/02
"4,635,819,930","294,049",-90,-0.57,2,"17,780,753","278,624,399,510","15,670","16,010","15,620","15,750",2024/04/30
"4,385,028,680","277,127",-10,-0.06,2,"17,780,753","280,224,667,280","15,760","16,060","15,710","16,030",2024/04/29
"5,534,212,640","347,657",10,0.06,1,"17,780,753","280,402,474,810","15,770","16,290","15,700","16,270",2024/04/26
"6,927,695,180","434,340",-510,-3.13,2,"17,780,753","280,224,667,280","15,760","16,330","15,730","16,090",2024/04/25
"10,846,353,610","661,150",530,3.37,1,"17,780,753","289,292,851,310","16,270","16,620","16,250","16,330",2024/04/24
"21,722,935,300","1,322,179",250,1.61,1,"17,780,753","279,869,052,220","15,740","16,950","15,740","16,000",2024/04/23
"6,917,590,070","447,170",-570,-3.55,2,"17,780,753","275,423,863,970","15,490","15,930","15,230","15,590",2024/04/22
"12,673,735,550","785,428",-910,-5.36,2,"17,780,753","285,558,893,180","16,060","16,870","15,550","16,800",2024/04/19
"13,549,464,860","807,910",320,1.92,1,"17,780,753","301,739,378,410","16,970","17,080","16,200","16,360",2024/04/18
"30,727,457,830","1,803,502",530,3.29,1,"17,780,753","296,049,537,450","16,650","17,480","16,440","16,500",2024/04/17
"13,267,162,400","798,076",-930,-5.45,2,"17,780,753","286,625,738,360","16,120","17,250","16,050","17,080",2024/04/16
"16,034,296,190","975,634",600,3.65,1,"17,780,753","303,161,838,650","17,050","17,100","15,820","16,450",2024/04/15
"20,958,368,350","1,259,628",430,2.68,1,"17,780,753","292,493,386,850","16,450","17,100","16,200","16,530",2024/04/12
"10,284,549,460","645,263",270,1.71,1,"17,780,753","284,847,663,060","16,020","16,360","15,410","15,410",2024/04/11
"14,804,442,480","920,554",-830,-5.01,2,"17,780,753","280,046,859,750","15,750","16,810","15,620","16,580",2024/04/09
"31,698,093,270","1,814,408",-430,-2.53,2,"17,780,753","294,804,884,740","16,580","18,360","16,580","17,210",2024/04/08
"24,075,571,620","1,416,038","-1,090",-6.02,2,"17,780,753","302,450,608,530","17,010","17,440","16,550","17,390",2024/04/05
"60,532,309,680","3,261,181",530,3.02,1,"17,780,753","321,831,629,300","18,100","19,330","17,910","17,930",2024/04/04
"33,037,383,460","1,870,655",-750,-4.09,2,"17,780,753","312,407,830,210","17,570","18,150","17,300","18,010",2024/04/03
"217,433,337,820","11,437,408","1,140",6.64,1,"17,780,753","325,743,394,960","18,320","19,860","17,610","17,620",2024/04/02
"102,844,609,960","5,976,967","1,210",7.58,1,"17,780,753","305,473,336,540","17,180","18,200","16,040","16,150",2024/04/01
"22,226,616,810","1,389,774",-380,-2.32,2,"17,780,753","283,958,625,410","15,970","16,350","15,700","16,200",2024/03/29
"109,524,118,080","6,743,500","1,560",10.55,1,"17,780,753","290,715,311,550","16,350","16,950","14,610","14,900",2024/03/28
"7,903,400,030","536,585",-410,-2.70,2,"17,780,753","262,977,336,870","14,790","15,160","14,500","15,060",2024/03/27
"12,271,321,590","796,131",300,2.01,1,"17,780,753","270,267,445,600","15,200","15,780","15,050","15,050",2024/03/26
"7,420,004,040","496,054",-220,-1.46,2,"17,780,753","264,933,219,700","14,900","15,240","14,800","15,130",2024/03/25
"9,196,731,260","598,380",-700,-4.42,2,"17,780,753","268,844,985,360","15,120","15,940","15,070","15,820",2024/03/22
"7,106,829,410","442,818",-160,-1.00,2,"17,780,753","281,291,512,460","15,820","16,400","15,800","16,300",2024/03/21
"12,184,369,480","757,782",300,1.91,1,"17,780,753","284,136,432,940","15,980","16,400","15,750","15,900",2024/03/20
"11,771,087,260","735,243",-150,-0.95,2,"17,780,753","278,802,207,040","15,680","16,470","15,580","15,970",2024/03/19
"5,872,617,620","374,540",160,1.02,1,"17,780,753","281,469,319,990","15,830","15,880","15,370","15,720",2024/03/18
"9,467,390,150","613,257",50,0.32,1,"17,780,753","278,624,399,510","15,670","15,710","15,220","15,460",2024/03/15
"8,044,319,650","511,098",-480,-2.98,2,"17,780,753","277,735,361,860","15,620","16,070","15,600","15,900",2024/03/14
"14,670,706,040","899,702",-270,-1.65,2,"17,780,753","286,270,123,300","16,100","16,900","15,750","16,890",2024/03/13
"14,759,560,290","912,062",-220,-1.33,2,"17,780,753","291,070,926,610","16,370","16,420","15,930","16,420",2024/03/12
"14,857,338,680","901,977",-420,-2.47,2,"17,780,753","294,982,692,270","16,590","17,130","16,150","16,450",2024/03/11
"14,486,329,090","835,817",-180,-1.05,2,"17,780,753","302,450,608,530","17,010","17,990","16,750","17,520",2024/03/08
"16,628,408,130","939,068",-400,-2.27,2,"17,780,753","305,651,144,070","17,190","18,260","17,090","18,060",2024/03/07
"12,113,680,380","695,246",80,0.46,1,"17,780,753","312,763,445,270","17,590","17,740","17,000","17,180",2024/03/06
"16,841,272,480","947,006",-830,-4.53,2,"17,780,753","311,340,985,030","17,510","18,480","17,460","18,410",2024/03/05
"31,887,797,200","1,765,987","1,280",7.50,1,"17,780,753","326,099,010,020","18,340","18,410","17,560","17,680",2024/03/04
"25,368,308,370","1,493,185",-710,-4.00,2,"17,780,753","303,339,646,180","17,060","17,500","16,460","16,560",2024/02/29
"17,331,600,110","958,390",-530,-2.90,2,"17,780,753","315,963,980,810","17,770","18,600","17,680","18,100",2024/02/28
"20,377,227,390","1,111,736",-660,-3.48,2,"17,780,753","325,387,779,900","18,300","18,960","18,030","18,860",2024/02/27
"24,306,780,830","1,258,107","-1,040",-5.20,2,"17,780,753","337,123,076,880","18,960","20,200","18,870","20,200",2024/02/26
"52,373,520,000","2,525,087","-1,700",-7.83,2,"17,780,753","355,615,060,000","20,000","21,800","20,000","21,800",2024/02/23
"74,767,225,410","3,581,458","2,250",11.57,1,"17,780,753","385,842,340,100","21,700","21,800","19,940","20,500",2024/02/22
"26,438,178,780","1,347,561",-750,-3.71,2,"17,780,753","345,835,645,850","19,450","20,300","19,210","19,240",2024/02/21
"21,977,171,570","1,085,652",-700,-3.35,2,"17,780,753","359,171,210,600","20,200","20,900","19,920","20,850",2024/02/20
"36,053,714,380","1,751,143",500,2.45,1,"17,780,753","371,617,737,700","20,900","21,250","19,750","19,800",2024/02/19
"36,835,588,450","1,794,528","-1,200",-5.56,2,"17,780,753","362,727,361,200","20,400","21,550","20,050","21,200",2024/02/16
"105,048,166,100","4,733,984",150,0.70,1,"17,780,753","384,064,264,800","21,600","23,600","21,200","23,200",2024/02/15
"97,588,970,360","4,770,562","1,450",7.25,1,"17,780,753","381,397,151,850","21,450","21,450","19,200","19,440",2024/02/14
"73,195,786,700","3,576,864",300,1.52,1,"17,780,753","355,615,060,000","20,000","21,300","19,840","20,300",2024/02/13
"136,714,795,500","6,855,189","1,700",9.44,1,"17,780,753","350,280,834,100","19,700","20,900","18,250","18,300",2024/02/08
"31,477,677,100","1,697,760","-1,150",-6.01,2,"17,780,753","320,053,554,000","18,000","19,250","17,950","18,660",2024/02/07
"110,393,684,500","5,924,579",270,1.43,1,"17,780,753","340,501,419,950","19,150","20,600","16,650","19,300",2024/02/06
"25,047,561,300","1,323,197",-320,-1.67,2,"17,780,753","335,700,616,640","18,880","19,610","18,330","19,200",2024/02/05
"56,725,989,890","2,860,787",-670,-3.37,2,"17,780,753","341,390,457,600","19,200","21,100","18,890","20,350",2024/02/02
"77,466,513,480","4,012,715","1,150",6.14,1,"17,780,753","353,303,562,110","19,870","20,300","18,230","18,600",2024/02/01
"65,248,462,720","3,147,273","-3,830",-16.98,2,"17,780,753","332,855,696,160","18,720","22,500","18,600","21,450",2024/01/31
"55,788,072,400","2,609,536",700,3.20,1,"17,780,753","400,955,980,150","22,550","22,550","20,200","21,450",2024/01/30
"85,192,357,520","4,043,915",-800,-3.53,2,"17,780,753","388,509,453,050","21,850","23,300","19,190","23,050",2024/01/29
"115,855,427,150","5,150,844",650,2.95,1,"17,780,753","402,734,055,450","22,650","23,650","21,000","22,000",2024/01/26
"273,679,756,800","11,592,045","1,200",5.77,1,"17,780,753","391,176,566,000","22,000","25,750","20,050","20,200",2024/01/25
"193,889,253,670","9,714,925",870,4.37,1,"17,780,753","369,839,662,400","20,800","21,400","18,860","19,440",2024/01/24
"497,915,155,180","25,650,473","3,750",23.18,1,"17,780,753","354,370,407,290","19,930","20,950","17,500","18,000",2024/01/23
"190,168,936,140","12,749,610","3,730",29.96,4,"17,780,753","287,692,583,540","16,180","16,180","12,800","13,100",2024/01/22
"19,742,876,930","1,603,471",680,5.78,1,"17,780,753","221,370,374,850","12,450","12,550","12,000","12,410",2024/01/19
"8,454,501,910","718,677",-60,-0.51,2,"17,780,753","209,279,462,810","11,770","12,010","11,510","11,790",2024/01/18
"8,000,831,190","665,519",-450,-3.66,2,"17,780,753","210,346,307,990","11,830","12,570","11,830","12,440",2024/01/17
"12,165,530,280","979,357",-280,-2.23,2,"17,780,753","218,347,646,840","12,280","13,010","12,000","12,720",2024/01/16
"10,867,639,340","859,609",-140,-1.10,2,"17,780,753","223,326,257,680","12,560","12,940","12,270","12,700",2024/01/15
"9,987,103,850","780,809",-370,-2.83,2,"17,780,753","225,815,563,100","12,700","13,180","12,600","13,100",2024/01/12
"18,211,825,540","1,375,543",-880,-6.31,2,"17,780,753","232,394,441,710","13,070","14,100","12,940","14,030",2024/01/11
"16,940,064,670","1,194,939",-800,-5.42,2,"17,780,753","248,041,504,350","13,950","14,880","13,920","14,880",2024/01/10
"55,277,627,640","3,660,448",50,0.34,1,"17,780,753","262,266,106,750","14,750","15,500","14,420","15,120",2024/01/09
"22,873,974,580","1,565,409",-170,-1.14,2,"17,780,753","261,377,069,100","14,700","15,240","14,300","15,050",2024/01/08
"61,807,530,920","4,140,367",760,5.39,1,"17,780,753","264,399,797,110","14,870","15,450","14,340","14,580",2024/01/05
"88,174,242,470","5,799,108","-1,170",-7.66,2,"17,780,753","250,886,424,830","14,110","16,330","13,860","14,930",2024/01/04
"56,049,569,950","3,782,224",560,3.80,1,"17,780,753","271,689,905,840","15,280","15,410","14,010","14,100",2024/01/03
"50,651,735,570","3,523,359",910,6.59,1,"17,780,753","261,732,684,160","14,720","14,800","13,830","14,020",2024/01/02
"19,673,368,960","1,419,318",-290,-2.06,2,"17,780,753","245,552,198,930","13,810","14,240","13,590","14,220",2023/12/28
"43,692,947,380","3,043,022",-900,-6.00,2,"17,780,753","250,708,617,300","14,100","15,280","13,820","14,850",2023/12/27
"21,751,483,040","1,465,265",690,4.82,1,"17,780,753","266,711,295,000","15,000","15,000","14,490","14,490",2023/12/26
"12,937,179,310","890,280",110,0.77,1,"17,780,753","254,442,575,430","14,310","14,700","14,310","14,570",2023/12/22
"17,508,243,630","1,225,239",-620,-4.18,2,"17,780,753","252,486,692,600","14,200","14,440","14,150","14,350",2023/12/21
"172,125,064,980","11,442,028",190,1.30,1,"17,780,753","263,510,759,460","14,820","15,790","14,610","15,600",2023/12/20
"354,647,668,780","25,424,732","3,370",29.93,4,"17,780,753","260,132,416,390","14,630","14,630","12,360","12,940",2023/12/19
"11,614,551,840","1,052,476",460,4.26,1,"17,780,753","200,211,278,780","11,260","11,260","10,770","11,000",2023/12/18
"14,578,238,340","1,334,341",-560,-4.93,2,"17,780,753","192,032,132,400","10,800","11,390","10,610","11,380",2023/12/15
"45,705,960,910","3,882,887",-140,-1.22,2,"17,780,753","201,989,354,080","11,360","12,340","11,090","11,920",2023/12/14
"95,021,470,840","7,994,706",-30,-0.26,2,"17,780,753","204,478,659,500","11,500","12,530","11,080","11,690",2023/12/13
"154,017,162,030","13,001,701","1,760",18.01,1,"17,780,753","205,012,082,090","11,530","12,570","10,330","10,390",2023/12/12
"13,203,935,440","1,323,699",150,1.56,1,"17,780,753","173,717,956,810","9,770","10,380","9,680","9,730",2023/12/11
"19,014,807,040","1,964,823",420,4.57,1,"17,780,753","171,050,843,860","9,620","10,190","9,150","9,350",2023/12/08
"4,192,101,560","463,470",300,3.37,1,"17,780,753","163,582,927,600","9,200","9,220","8,740","8,840",2023/12/07
"1,550,564,330","176,042",320,3.73,1,"17,780,753","158,248,701,700","8,900","8,900","8,630","8,650",2023/12/06
"1,273,620,520","146,648",-240,-2.72,2,"17,780,753","152,558,860,740","8,580","8,920","8,520","8,750",2023/12/05
"1,024,686,860","116,617",20,0.23,1,"17,780,753","156,826,241,460","8,820","8,910","8,680","8,820",2023/12/04
"1,298,948,410","147,556",-130,-1.46,2,"17,780,753","156,470,626,400","8,800","8,920","8,740","8,890",2023/12/01
"1,762,524,710","196,132",10,0.11,1,"17,780,753","158,782,124,290","8,930","9,120","8,890","9,040",2023/11/30
"3,875,986,360","425,033",-190,-2.09,2,"17,780,753","158,604,316,760","8,920","9,360","8,920","9,110",2023/11/29
"4,531,533,330","500,176",-150,-1.62,2,"17,780,753","161,982,659,830","9,110","9,260","8,900","9,200",2023/11/28
"25,586,263,410","2,816,280","1,120",13.76,1,"17,780,753","164,649,772,780","9,260","9,440","8,100","8,100",2023/11/27
"166,744,130","20,443",10,0.12,1,"17,780,753","144,735,329,420","8,140","8,190","8,110","8,180",2023/11/24
"423,666,700","51,924",-50,-0.61,2,"17,780,753","144,557,521,890","8,130","8,260","8,090","8,200",2023/11/23
"296,308,010","36,400",20,0.25,1,"17,780,753","145,446,559,540","8,180","8,210","8,070","8,120",2023/11/22
"333,998,460","40,785",-40,-0.49,2,"17,780,753","145,090,944,480","8,160","8,270","8,140","8,260",2023/11/21
"439,011,330","53,544",20,0.24,1,"17,780,753","145,802,174,600","8,200","8,250","8,120","8,200",2023/11/20
"597,707,260","72,384",-30,-0.37,2,"17,780,753","145,446,559,540","8,180","8,370","8,150","8,210",2023/11/17
"312,638,000","38,360",70,0.86,1,"17,780,753","145,979,982,130","8,210","8,220","8,020","8,110",2023/11/16
"636,158,090","78,613",200,2.52,1,"17,780,753","144,735,329,420","8,140","8,170","7,940","7,940",2023/11/15
"310,218,230","39,311",200,2.58,1,"17,780,753","141,179,178,820","7,940","7,950","7,760","7,760",2023/11/14
"278,065,700","35,292",-160,-2.03,2,"17,780,753","137,623,028,220","7,740","8,060","7,730","8,000",2023/11/13
"330,155,890","41,968",-70,-0.88,2,"17,780,753","140,467,948,700","7,900","7,980","7,750","7,910",2023/11/10
"216,222,300","27,112",-80,-0.99,2,"17,780,753","141,712,601,410","7,970","8,090","7,900","8,090",2023/11/09
"323,206,220","39,879",-50,-0.62,2,"17,780,753","143,135,061,650","8,050","8,200","8,000","8,110",2023/11/08
"448,688,240","55,648",0,0.00,3,"17,780,753","144,024,099,300","8,100","8,190","7,920","8,080",2023/11/07
"647,357,210","80,741",220,2.79,1,"17,780,753","144,024,099,300","8,100","8,100","7,910","7,980",2023/11/06
"493,821,690","62,862",30,0.38,1,"17,780,753","140,112,333,640","7,880","8,080","7,740","8,080",2023/11/03
"965,859,740","123,146",420,5.65,1,"17,780,753","139,578,911,050","7,850","7,970","7,610","7,610",2023/11/02
"250,381,280","33,650",0,0.00,3,"17,780,753","132,110,994,790","7,430","7,530","7,400","7,400",2023/11/01
"317,638,210","42,732",-120,-1.59,2,"17,780,753","132,110,994,790","7,430","7,640","7,320","7,570",2023/10/31
"220,950,270","29,388",50,0.67,1,"17,780,753","134,244,685,150","7,550","7,590","7,400","7,530",2023/10/30
"376,242,780","49,915",-110,-1.45,2,"17,780,753","133,355,647,500","7,500","7,700","7,460","7,630",2023/10/27
"403,850,160","53,197",-290,-3.67,2,"17,780,753","135,311,530,330","7,610","7,750","7,480","7,670",2023/10/26
"285,766,760","36,049",10,0.13,1,"17,780,753","140,467,948,700","7,900","8,030","7,860","7,940",2023/10/25
"343,954,980","44,626",190,2.47,1,"17,780,753","140,290,141,170","7,890","7,890","7,530","7,660",2023/10/24
"369,110,750","48,378",-90,-1.16,2,"17,780,753","136,911,798,100","7,700","7,750","7,520","7,650",2023/10/23
"771,396,430","101,489",-90,-1.14,2,"17,780,753","138,512,065,870","7,790","7,830","7,470","7,760",2023/10/20
"570,174,900","72,118",-280,-3.43,2,"17,780,753","140,112,333,640","7,880","8,050","7,850","8,050",2023/10/19
"279,020,910","34,131",-150,-1.81,2,"17,780,753","145,090,944,480","8,160","8,290","8,100","8,290",2023/10/18
"283,830,830","34,483",180,2.21,1,"17,780,753","147,758,057,430","8,310","8,310","8,140","8,140",2023/10/17
"200,313,950","24,663",-190,-2.28,2,"17,780,753","144,557,521,890","8,130","8,350","8,050","8,160",2023/10/16
"345,988,570","41,412",-70,-0.83,2,"17,780,753","147,935,864,960","8,320","8,530","8,250","8,380",2023/10/13
"272,158,850","32,415",80,0.96,1,"17,780,753","149,180,517,670","8,390","8,440","8,330","8,330",2023/10/12
"401,763,970","48,405",220,2.72,1,"17,780,753","147,758,057,430","8,310","8,370","8,100","8,100",2023/10/11
"351,350,580","43,298",-40,-0.49,2,"17,780,753","143,846,291,770","8,090","8,270","7,990","8,100",2023/10/10
"275,366,570","34,064",80,0.99,1,"17,780,753","144,557,521,890","8,130","8,160","7,920","7,920",2023/10/06
"468,830,080","58,212",0,0.00,3,"17,780,753","143,135,061,650","8,050","8,200","7,900","8,100",2023/10/05
"518,943,760","64,386",-310,-3.71,2,"17,780,753","143,135,061,650","8,050","8,290","7,970","8,200",2023/10/04
"344,903,010","42,060",150,1.83,1,"17,780,753","148,647,095,080","8,360","8,360","8,030","8,030",2023/09/27
"801,190,280","96,084",-410,-4.76,2,"17,780,753","145,979,982,130","8,210","8,630","8,200","8,570",2023/09/26
"559,580,190","64,976",-100,-1.15,2,"17,780,753","153,270,090,860","8,620","8,750","8,540","8,700",2023/09/25
"290,445,820","33,300",-50,-0.57,2,"17,780,753","155,048,166,160","8,720","8,800","8,650","8,670",2023/09/22
"581,463,030","66,160",-200,-2.23,2,"17,780,753","155,937,203,810","8,770","8,970","8,710","8,820",2023/09/21
"534,335,200","59,687",-60,-0.66,2,"17,780,753","159,493,354,410","8,970","9,030","8,920","8,920",2023/09/20
"499,576,680","55,603",0,0.00,3,"17,780,753","160,560,199,590","9,030","9,080","8,910","9,030",2023/09/19
"612,524,440","67,566",-260,-2.80,2,"17,780,753","160,560,199,590","9,030","9,230","9,020","9,230",2023/09/18
"513,335,030","55,233",-10,-0.11,2,"17,780,753","165,183,195,370","9,290","9,390","9,210","9,380",2023/09/15
"730,611,540","78,955",220,2.42,1,"17,780,753","165,361,002,900","9,300","9,330","9,100","9,100",2023/09/14
"692,322,560","75,573",0,0.00,3,"17,780,753","161,449,237,240","9,080","9,330","9,040","9,090",2023/09/13
"553,394,850","61,058",-10,-0.11,2,"17,780,753","161,449,237,240","9,080","9,160","9,010","9,130",2023/09/12
"470,182,250","51,936",-40,-0.44,2,"17,780,753","161,627,044,770","9,090","9,170","9,000","9,170",2023/09/11
"1,413,126,810","155,035",-240,-2.56,2,"17,780,753","162,338,274,890","9,130","9,450","8,600","9,350",2023/09/08
"830,486,940","88,668",-20,-0.21,2,"17,780,753","166,605,655,610","9,370","9,490","9,300","9,310",2023/09/07
"617,182,000","65,812",-150,-1.57,2,"17,780,753","166,961,270,670","9,390","9,500","9,350","9,500",2023/09/06
"669,254,600","70,479",-90,-0.93,2,"17,780,753","169,628,383,620","9,540","9,700","9,400","9,560",2023/09/05
"1,267,595,910","132,555",60,0.63,1,"17,780,753","171,228,651,390","9,630","9,690","9,400","9,640",2023/09/04
"3,978,922,060","413,203",350,3.80,1,"17,780,753","170,161,806,210","9,570","9,970","9,150","9,150",2023/09/01
"748,925,610","80,622",-230,-2.43,2,"17,780,753","163,938,542,660","9,220","9,510","9,150","9,480",2023/08/31
"1,008,784,430","106,348",60,0.64,1,"17,780,753","168,028,115,850","9,450","9,560","9,400","9,520",2023/08/30
"2,128,200,130","226,084",230,2.51,1,"17,780,753","166,961,270,670","9,390","9,590","9,270","9,390",2023/08/29
"1,668,756,850","180,730",200,2.23,1,"17,780,753","162,871,697,480","9,160","9,490","8,980","9,000",2023/08/28
"634,633,000","70,943",-190,-2.08,2,"17,780,753","159,315,546,880","8,960","9,050","8,910","9,010",2023/08/25
"1,050,737,730","114,574",210,2.35,1,"17,780,753","162,693,889,950","9,150","9,300","9,040","9,070",2023/08/24
"511,223,200","57,289",40,0.45,1,"17,780,753","158,959,931,820","8,940","9,020","8,790","8,900",2023/08/23
"857,858,430","95,894",-150,-1.66,2,"17,780,753","158,248,701,700","8,900","9,140","8,860","9,120",2023/08/22
"615,522,130","68,815",80,0.89,1,"17,780,753","160,915,814,650","9,050","9,100","8,870","8,870",2023/08/21
"839,984,670","94,305",70,0.79,1,"17,780,753","159,493,354,410","8,970","9,140","8,630","8,900",2023/08/18
"1,054,276,370","119,907",-80,-0.89,2,"17,780,753","158,248,701,700","8,900","8,980","8,580","8,850",2023/08/17
"1,568,529,380","173,356",-420,-4.47,2,"17,780,753","159,671,161,940","8,980","9,340","8,910","9,160",2023/08/16
"547,968,980","58,127",-200,-2.08,2,"17,780,753","167,139,078,200","9,400","9,620","9,380","9,600",2023/08/14
"616,088,510","64,178",160,1.69,1,"17,780,753","170,695,228,800","9,600","9,700","9,440","9,440",2023/08/11
"759,006,790","80,480",-160,-1.67,2,"17,780,753","167,850,308,320","9,440","9,580","9,370","9,550",2023/08/10
"504,081,190","52,989",120,1.27,1,"17,780,753","170,695,228,800","9,600","9,620","9,390","9,520",2023/08/09
"1,147,052,710","120,203",-160,-1.66,2,"17,780,753","168,561,538,440","9,480","9,720","9,400","9,680",2023/08/08
"747,637,560","77,885",-70,-0.72,2,"17,780,753","171,406,458,920","9,640","9,740","9,500","9,520",2023/08/07
"757,224,860","78,123",-60,-0.61,2,"17,780,753","172,651,111,630","9,710","9,800","9,630","9,760",2023/08/04
"1,251,331,030","129,430",-30,-0.31,2,"17,780,753","173,717,956,810","9,770","9,800","9,560","9,730",2023/08/03
"2,136,404,700","216,010",-260,-2.58,2,"17,780,753","174,251,379,400","9,800","10,140","9,700","10,070",2023/08/02
"2,625,356,320","262,554",-110,-1.08,2,"17,780,753","178,874,375,180","10,060","10,220","9,910","10,210",2023/08/01
"1,536,144,690","149,702",-200,-1.93,2,"17,780,753","180,830,258,010","10,170","10,430","10,130","10,430",2023/07/31
"1,336,456,560","130,745",210,2.07,1,"17,780,753","184,386,408,610","10,370","10,380","10,010","10,190",2023/07/28
"2,472,883,900","247,014",590,6.17,1,"17,780,753","180,652,450,480","10,160","10,280","9,470","9,470",2023/07/27
"3,710,283,450","380,807",-580,-5.71,2,"17,780,753","170,161,806,210","9,570","10,230","9,520","10,150",2023/07/26
"2,800,433,880","273,228",-370,-3.52,2,"17,780,753","180,474,642,950","10,150","10,600","10,090","10,540",2023/07/25
"2,138,973,050","203,992",0,0.00,3,"17,780,753","187,053,521,560","10,520","10,630","10,360","10,570",2023/07/24
"2,230,940,400","210,720",-470,-4.28,2,"17,780,753","187,053,521,560","10,520","10,720","10,510","10,720",2023/07/21
"3,090,794,070","283,227",-130,-1.17,2,"17,780,753","195,410,475,470","10,990","11,130","10,740","11,120",2023/07/20
"10,908,645,700","982,410",240,2.21,1,"17,780,753","197,721,973,360","11,120","11,340","10,810","10,970",2023/07/19
"2,466,496,600","227,110",-70,-0.64,2,"17,780,753","193,454,592,640","10,880","11,080","10,750","10,960",2023/07/18
"5,694,588,330","516,489",220,2.05,1,"17,780,753","194,699,245,350","10,950","11,220","10,630","10,730",2023/07/17
"3,977,977,700","367,045",20,0.19,1,"17,780,753","190,787,479,690","10,730","11,000","10,620","10,730",2023/07/14
"4,341,262,970","408,057",390,3.78,1,"17,780,753","190,431,864,630","10,710","10,850","10,360","10,360",2023/07/13
"874,487,850","85,120",170,1.67,1,"17,780,753","183,497,370,960","10,320","10,350","10,140","10,160",2023/07/12
"933,168,440","92,282",150,1.50,1,"17,780,753","180,474,642,950","10,150","10,170","10,030","10,030",2023/07/11
"1,775,312,520","176,154",-290,-2.82,2,"17,780,753","177,807,530,000","10,000","10,290","10,000","10,290",2023/07/10
"1,818,140,590","175,501",-160,-1.53,2,"17,780,753","182,963,948,370","10,290","10,530","10,280","10,450",2023/07/07
"2,160,882,590","204,166",-350,-3.24,2,"17,780,753","185,808,868,850","10,450","10,910","10,420","10,760",2023/07/06
"3,879,378,360","351,137",-400,-3.57,2,"17,780,753","192,032,132,400","10,800","11,420","10,800","11,300",2023/07/05
"2,611,016,830","235,651",170,1.54,1,"17,780,753","199,144,433,600","11,200","11,250","10,860","10,990",2023/07/04
"2,922,843,140","265,831",300,2.80,1,"17,780,753","196,121,705,590","11,030","11,090","10,800","10,800",2023/07/03
"1,613,604,390","152,400",-80,-0.74,2,"17,780,753","190,787,479,690","10,730","10,800","10,440","10,750",2023/06/30
"1,733,245,120","159,242",10,0.09,1,"17,780,753","192,209,939,930","10,810","11,020","10,770","10,850",2023/06/29
"2,004,182,420","183,558",-60,-0.55,2,"17,780,753","192,032,132,400","10,800","11,120","10,780","10,890",2023/06/28
"1,584,021,900","146,294",10,0.09,1,"17,780,753","193,098,977,580","10,860","11,050","10,710","10,950",2023/06/27
"2,121,491,160","197,326",310,2.94,1,"17,780,753","192,921,170,050","10,850","10,940","10,370","10,480",2023/06/26
"1,409,374,790","133,478",160,1.54,1,"17,780,753","187,409,136,620","10,540","10,740","10,410","10,410",2023/06/23
"1,888,425,960","179,812",-290,-2.72,2,"17,780,753","184,564,216,140","10,380","10,750","10,370","10,520",2023/06/22
"5,418,141,560","495,892",-20,-0.19,2,"17,780,753","189,720,634,510","10,670","11,150","10,620","10,750",2023/06/21
"1,579,404,110","150,195",100,0.94,1,"17,780,753","190,076,249,570","10,690","10,690","10,380","10,580",2023/06/20
"1,478,327,170","139,856",-160,-1.49,2,"17,780,753","188,298,174,270","10,590","10,850","10,440","10,840",2023/06/19
"2,513,448,390","233,262",-270,-2.45,2,"17,780,753","191,143,094,750","10,750","11,000","10,700","10,940",2023/06/16
"6,998,711,430","639,966",540,5.15,1,"17,780,753","195,943,898,060","11,020","11,130","10,530","10,530",2023/06/15
"2,467,460,480","232,035",-260,-2.42,2,"17,780,753","186,342,291,440","10,480","10,850","10,430","10,740",2023/06/14
"5,070,249,730","472,013",170,1.61,1,"17,780,753","190,965,287,220","10,740","10,860","10,610","10,660",2023/06/13
"2,146,574,350","205,134",260,2.52,1,"17,780,753","187,942,559,210","10,570","10,590","10,330","10,350",2023/06/12
"1,440,560,260","139,680",110,1.08,1,"17,780,753","183,319,563,430","10,310","10,410","10,150","10,300",2023/06/09
"982,580,070","96,881",50,0.49,1,"17,780,753","181,363,680,600","10,200","10,300","10,020","10,080",2023/06/08
"1,239,985,370","121,850",-60,-0.59,2,"17,780,753","180,474,642,950","10,150","10,250","10,100","10,210",2023/06/07
"1,259,063,480","123,538",-110,-1.07,2,"17,780,753","181,541,488,130","10,210","10,390","10,110","10,320",2023/06/05
"1,558,084,990","149,671",-40,-0.39,2,"17,780,753","183,497,370,960","10,320","10,630","10,300","10,540",2023/06/02
"1,448,088,190","140,576",30,0.29,1,"17,780,753","184,208,601,080","10,360","10,420","10,140","10,270",2023/06/01
"2,015,775,820","193,338",-190,-1.81,2,"17,780,753","183,675,178,490","10,330","10,600","10,310","10,540",2023/05/31
"5,564,461,050","525,088",290,2.83,1,"17,780,753","187,053,521,560","10,520","10,770","10,380","10,440",2023/05/30
"7,233,862,630","696,272",190,1.89,1,"17,780,753","181,897,103,190","10,230","10,680","10,150","10,330",2023/05/26
"11,540,779,780","1,094,711",40,0.40,1,"17,780,753","178,518,760,120","10,040","10,950","10,040","10,240",2023/05/25
"948,754,410","94,983",-90,-0.89,2,"17,780,753","177,807,530,000","10,000","10,100","9,950","9,970",2023/05/24
"1,391,776,330","137,236",-90,-0.88,2,"17,780,753","179,407,797,770","10,090","10,310","10,050","10,240",2023/05/23
"2,430,862,830","236,671",-270,-2.58,2,"17,780,753","181,008,065,540","10,180","10,550","10,100","10,550",2023/05/22
"5,238,106,260","504,068",440,4.40,1,"17,780,753","185,808,868,850","10,450","10,550","10,100","10,200",2023/05/19
"1,561,786,530","158,052",420,4.38,1,"17,780,753","177,985,337,530","10,010","10,020","9,670","9,670",2023/05/18
"804,760,100","84,409",200,2.13,1,"17,780,753","170,517,421,270","9,590","9,600","9,330","9,390",2023/05/17
"1,675,552,540","176,856",-90,-0.95,2,"17,780,753","166,961,270,670","9,390","9,660","9,310","9,400",2023/05/16
"883,021,650","93,525",-150,-1.56,2,"17,780,753","168,561,538,440","9,480","9,630","9,350","9,630",2023/05/15
"466,231,420","48,258",-50,-0.52,2,"17,780,753","171,228,651,390","9,630","9,780","9,620","9,640",2023/05/12
"642,301,480","65,768",50,0.52,1,"17,780,753","172,117,689,040","9,680","9,870","9,660","9,720",2023/05/11
"754,550,760","77,608",-170,-1.73,2,"17,780,753","171,228,651,390","9,630","9,900","9,590","9,790",2023/05/10
"970,927,550","98,918",-190,-1.90,2,"17,780,753","174,251,379,400","9,800","10,070","9,710","10,000",2023/05/09
"1,041,838,210","103,971",140,1.42,1,"17,780,753","177,629,722,470","9,990","10,100","9,910","9,960",2023/05/08
"1,391,997,790","141,023",-240,-2.38,2,"17,780,753","175,140,417,050","9,850","10,080","9,770","10,000",2023/05/04
"810,592,800","80,391",-40,-0.39,2,"17,780,753","179,407,797,770","10,090","10,220","9,950","10,010",2023/05/03
"1,051,208,230","104,309",140,1.40,1,"17,780,753","180,119,027,890","10,130","10,140","9,950","10,050",2023/05/02
"1,417,919,450","140,806",-190,-1.87,2,"17,780,753","177,629,722,470","9,990","10,380","9,970","10,290",2023/04/28
"969,064,330","96,014",20,0.20,1,"17,780,753","181,008,065,540","10,180","10,200","9,990","10,170",2023/04/27
"1,446,796,580","141,452",30,0.30,1,"17,780,753","180,652,450,480","10,160","10,400","10,010","10,080",2023/04/26
"2,029,048,510","201,318",-70,-0.69,2,"17,780,753","180,119,027,890","10,130","10,260","9,960","10,190",2023/04/25
"2,496,373,160","239,565",-400,-3.77,2,"17,780,753","181,363,680,600","10,200","10,750","10,200","10,700",2023/04/24
"1,620,295,050","152,252",100,0.95,1,"17,780,753","188,475,981,800","10,600","10,790","10,500","10,500",2023/04/21
"2,743,500,480","256,029",-350,-3.23,2,"17,780,753","186,697,906,500","10,500","10,970","10,500","10,870",2023/04/20
"1,680,113,410","155,178",130,1.21,1,"17,780,753","192,921,170,050","10,850","10,910","10,760","10,790",2023/04/19
"2,375,659,110","221,799",-230,-2.10,2,"17,780,753","190,609,672,160","10,720","10,950","10,620","10,950",2023/04/18
"2,431,339,920","221,476",-320,-2.84,2,"17,780,753","194,699,245,350","10,950","11,210","10,910","11,170",2023/04/17
"4,625,411,600","412,326",0,0.00,3,"17,780,753","200,389,086,310","11,270","11,390","11,000","11,350",2023/04/14
"2,826,733,160","251,374",-220,-1.91,2,"17,780,753","200,389,086,310","11,270","11,400","11,060","11,360",2023/04/13
"4,412,920,450","387,805",10,0.09,1,"17,780,753","204,300,851,970","11,490","11,590","11,170","11,580",2023/04/12
"9,313,254,370","806,794",350,3.14,1,"17,780,753","204,123,044,440","11,480","11,800","11,190","11,190",2023/04/11
"6,399,521,640","564,858",-270,-2.37,2,"17,780,753","197,899,780,890","11,130","11,670","11,040","11,640",2023/04/10
"9,209,503,320","816,463",700,6.54,1,"17,780,753","202,700,584,200","11,400","11,520","10,890","10,890",2023/04/07
"2,819,434,400","261,824",-380,-3.43,2,"17,780,753","190,254,057,100","10,700","10,910","10,620","10,900",2023/04/06
"3,898,022,790","353,566",60,0.54,1,"17,780,753","197,010,743,240","11,080","11,200","10,850","11,010",2023/04/05
"4,810,015,620","428,621",-520,-4.51,2,"17,780,753","195,943,898,060","11,020","11,450","10,940","11,450",2023/04/04
"5,717,805,610","498,877",-120,-1.03,2,"17,780,753","205,189,889,620","11,540","11,750","11,130","11,710",2023/04/03
"8,854,530,700","756,137",-160,-1.35,2,"17,780,753","207,323,579,980","11,660","12,210","11,460","12,200",2023/03/31
"34,926,193,690","2,889,002",380,3.32,1,"17,780,753","210,168,500,460","11,820","12,570","11,550","11,660",2023/03/30
"31,625,553,190","2,682,518",230,2.05,1,"17,780,753","203,411,814,320","11,440","12,190","11,330","11,730",2023/03/29
"7,066,807,100","629,319",50,0.45,1,"17,780,753","199,322,241,130","11,210","11,350","10,920","11,090",2023/03/28
"12,630,483,440","1,122,733",130,1.18,1,"17,780,753","198,433,203,480","11,160","11,500","11,040","11,470",2023/03/27
"19,551,649,100","1,794,957",570,5.45,1,"17,780,753","196,121,705,590","11,030","11,100","10,500","10,650",2023/03/24
"4,857,561,850","460,334",40,0.38,1,"17,780,753","185,986,676,380","10,460","10,720","10,240","10,250",2023/03/23
"2,627,586,710","254,329",180,1.76,1,"17,780,753","185,275,446,260","10,420","10,500","10,160","10,330",2023/03/22
"2,766,596,800","268,863",-230,-2.20,2,"17,780,753","182,074,910,720","10,240","10,630","10,170","10,520",2023/03/21
"4,202,270,700","400,499",200,1.95,1,"17,780,753","186,164,483,910","10,470","10,640","10,160","10,300",2023/03/20
"4,813,817,890","468,484",120,1.18,1,"17,780,753","182,608,333,310","10,270","10,410","10,130","10,290",2023/03/17
"6,276,676,540","631,076",600,6.28,1,"17,780,753","180,474,642,950","10,150","10,150","9,470","9,600",2023/03/16
"2,788,360,430","289,959",310,3.35,1,"17,780,753","169,806,191,150","9,550","9,800","9,470","9,480",2023/03/15
"2,760,718,330","292,253",-670,-6.76,2,"17,780,753","164,294,157,720","9,240","9,840","9,240","9,760",2023/03/14
"1,824,545,160","186,766",20,0.20,1,"17,780,753","176,207,262,230","9,910","9,930","9,600","9,810",2023/03/13
"2,680,319,140","270,157",-270,-2.66,2,"17,780,753","175,851,647,170","9,890","10,070","9,770","10,000",2023/03/10
"2,700,817,000","263,579",-220,-2.12,2,"17,780,753","180,652,450,480","10,160","10,610","10,040","10,480",2023/03/09
"2,195,761,050","210,379",-260,-2.44,2,"17,780,753","184,564,216,140","10,380","10,630","10,370","10,480",2023/03/08
"3,806,964,480","357,077",-280,-2.56,2,"17,780,753","189,187,211,920","10,640","10,900","10,540","10,900",2023/03/07
"5,923,632,790","544,906",200,1.87,1,"17,780,753","194,165,822,760","10,920","11,080","10,720","10,900",2023/03/06
"3,837,250,760","358,097",80,0.75,1,"17,780,753","190,609,672,160","10,720","10,840","10,580","10,700",2023/03/03
"5,968,141,600","557,093",160,1.53,1,"17,780,753","189,187,211,920","10,640","10,860","10,510","10,610",2023/03/02
"3,478,577,530","331,997",80,0.77,1,"17,780,753","186,342,291,440","10,480","10,570","10,300","10,490",2023/02/28
"2,998,239,650","287,626",-100,-0.95,2,"17,780,753","184,919,831,200","10,400","10,590","10,300","10,310",2023/02/27
"17,250,225,580","1,591,178",-50,-0.47,2,"17,780,753","186,697,906,500","10,500","11,240","10,500","10,800",2023/02/24
"5,727,931,080","545,292",-30,-0.28,2,"17,780,753","187,586,944,150","10,550","10,780","10,200","10,730",2023/02/23
"4,698,552,370","444,124",-120,-1.12,2,"17,780,753","188,120,366,740","10,580","10,850","10,320","10,450",2023/02/22
"5,542,809,740","522,011",90,0.85,1,"17,780,753","190,254,057,100","10,700","10,750","10,460","10,720",2023/02/21
"3,764,446,710","356,416",-90,-0.84,2,"17,780,753","188,653,789,330","10,610","10,690","10,410","10,690",2023/02/20
"7,103,077,860","664,684",-300,-2.73,2,"17,780,753","190,254,057,100","10,700","10,880","10,570","10,740",2023/02/17
"13,184,415,080","1,201,310",-60,-0.54,2,"17,780,753","195,588,283,000","11,000","11,190","10,790","11,160",2023/02/16
"64,927,586,490","5,778,447",280,2.60,1,"17,780,753","196,655,128,180","11,060","11,870","10,610","10,930",2023/02/15
"127,210,923,150","11,748,636","1,280",13.47,1,"17,780,753","191,676,517,340","10,780","11,640","9,580","9,690",2023/02/14
"865,851,160","91,473",-20,-0.21,2,"17,780,753","168,917,153,500","9,500","9,580","9,370","9,500",2023/02/13
"812,643,170","84,707",-230,-2.36,2,"17,780,753","169,272,768,560","9,520","9,760","9,510","9,720",2023/02/10
"628,061,630","64,620",30,0.31,1,"17,780,753","173,362,341,750","9,750","9,780","9,640","9,720",2023/02/09
"1,584,395,510","162,471",70,0.73,1,"17,780,753","172,828,919,160","9,720","9,850","9,680","9,720",2023/02/08
"1,159,923,140","120,449",160,1.69,1,"17,780,753","171,584,266,450","9,650","9,680","9,520","9,520",2023/02/07
"1,094,035,420","114,976",-10,-0.11,2,"17,780,753","168,739,345,970","9,490","9,690","9,360","9,500",2023/02/06
"1,092,745,970","114,754",-30,-0.31,2,"17,780,753","168,917,153,500","9,500","9,630","9,440","9,530",2023/02/03
"1,617,934,560","169,633",160,1.71,1,"17,780,753","169,450,576,090","9,530","9,620","9,450","9,540",2023/02/02
"954,190,220","101,589",0,0.00,3,"17,780,753","166,605,655,610","9,370","9,500","9,280","9,480",2023/02/01
"900,719,100","96,506",10,0.11,1,"17,780,753","166,605,655,610","9,370","9,420","9,260","9,400",2023/01/31
"1,596,735,910","168,951",-100,-1.06,2,"17,780,753","166,427,848,080","9,360","9,680","9,320","9,680",2023/01/30
"3,925,506,070","412,158",230,2.49,1,"17,780,753","168,205,923,380","9,460","9,730","9,370","9,450",2023/01/27
"770,104,090","83,458",-50,-0.54,2,"17,780,753","164,116,350,190","9,230","9,330","9,130","9,300",2023/01/26
"1,221,410,650","131,959",230,2.54,1,"17,780,753","165,005,387,840","9,280","9,320","9,190","9,200",2023/01/25
"674,796,480","75,225",190,2.14,1,"17,780,753","160,915,814,650","9,050","9,050","8,860","8,860",2023/01/20
"315,963,270","35,828",-50,-0.56,2,"17,780,753","157,537,471,580","8,860","8,900","8,770","8,850",2023/01/19
"673,528,130","75,977",140,1.60,1,"17,780,753","158,426,509,230","8,910","8,980","8,700","8,800",2023/01/18
"353,361,770","40,074",-90,-1.02,2,"17,780,753","155,937,203,810","8,770","8,920","8,760","8,880",2023/01/17
"339,231,310","38,331",0,0.00,3,"17,780,753","157,537,471,580","8,860","8,910","8,800","8,800",2023/01/16
"703,898,590","78,792",10,0.11,1,"17,780,753","157,537,471,580","8,860","9,080","8,820","8,900",2023/01/13
"436,998,250","49,542",0,0.00,3,"17,780,753","157,359,664,050","8,850","8,980","8,750","8,980",2023/01/12
"468,951,860","52,923",100,1.14,1,"17,780,753","157,359,664,050","8,850","8,900","8,800","8,830",2023/01/11
"633,671,530","72,360",10,0.11,1,"17,780,753","155,581,588,750","8,750","8,840","8,690","8,720",2023/01/10
"665,873,890","76,372",160,1.86,1,"17,780,753","155,403,781,220","8,740","8,770","8,650","8,670",2023/01/09
"871,725,200","101,896",210,2.51,1,"17,780,753","152,558,860,740","8,580","8,670","8,300","8,320",2023/01/06
"596,004,990","70,523",-90,-1.06,2,"17,780,753","148,824,902,610","8,370","8,560","8,340","8,540",2023/01/05
"884,716,380","105,763",370,4.57,1,"17,780,753","150,425,170,380","8,460","8,490","7,980","7,980",2023/01/04
"757,610,970","94,978",90,1.13,1,"17,780,753","143,846,291,770","8,090","8,150","7,710","8,000",2023/01/03
"619,320,330","76,710",-100,-1.23,2,"17,780,753","142,246,024,000","8,000","8,240","8,000","8,110",2023/01/02
